<?xml version="1.0" encoding="UTF-8"?>
<!-- configuration file for LogBack (slf4J implementation)
See here for more details: http://gordondickens.com/wordpress/2013/03/27/sawing-through-the-java-loggers/ -->
<configuration scan="true" scanPeriod="30 seconds">

    <contextListener class="ch.qos.logback.classic.jul.LevelChangePropagator">
        <resetJUL>true</resetJUL>
    </contextListener>

    <!-- To enable JMX Management -->
    <jmxConfigurator/>

    <property name="LOG_HOME" value="c:/springmvc-angularjs-html5/logs" />
    
    <appender name="console" class="ch.qos.logback.core.ConsoleAppender">
        <encoder>
            <pattern>%-5level %logger{0} - %msg%n</pattern>
        </encoder>
    </appender>
    
    <!-- File Logging -->
    <appender name="file" class="ch.qos.logback.core.FileAppender">
      <file>${LOG_HOME}/error.log</file>
      <encoder>
         <pattern>%-5level %logger{0} - %msg%n</pattern>
      </encoder>
   </appender>
    

	<!--<logger name="org.hibernate" level="debug"/> -->
   	<!-- Uncomment and add your logger here:
    <logger name="org.springframework.samples.service.service" level="debug"/> -->
         
    <root level="info">
        <!-- uncomment file-->
    	<!--<appender-ref ref="file"/>-->
        <appender-ref ref="console"/> 
    </root>
    
</configuration>
