<?xml version="1.0" encoding="UTF-8"?>
<beans:beans xmlns="http://www.springframework.org/schema/security"
    xmlns:beans="http://www.springframework.org/schema/beans"
    xmlns:xsi="http://www.w3.org/2001/XMLSchema-instance"
    xsi:schemaLocation="http://www.springframework.org/schema/beans 
    					http://www.springframework.org/schema/beans/spring-beans-4.0.xsd
                        http://www.springframework.org/schema/security 
                        http://www.springframework.org/schema/security/spring-security-4.0.xsd">
	         	
 	<http auto-config="true" use-expressions="true"  >      
        
        <intercept-url pattern="/admin/**" access="hasRole('ROLE_ADMIN')"/>
        <intercept-url pattern="/user/**" access="hasRole('ROLE_USER')"/> 
		             			
		<form-login login-page="/index.html" 
					username-parameter="j_username" 
					password-parameter="j_password" 
					login-processing-url="/j_spring_security_check" 
					authentication-failure-url="/login.html?error=true" />
				
	    <logout logout-url="/j_spring_security_logout" logout-success-url="/"/>	
   
	    <remember-me key="myKey" token-validity-seconds="300"/>
	   	
	   	<csrf disabled="true"/>	

    </http>

 	<jdbc-user-service id="jdbcUserService" data-source-ref="dataSource" 
            users-by-username-query="SELECT USERNAME, PASSWORD, ENABLED FROM USER WHERE USERNAME=?" 
        	authorities-by-username-query="SELECT U.USERNAME, A.AUTHORITY  
        	 FROM AUTHORITIES A, USER U WHERE U.USERNAME = A.USERNAME AND U.USERNAME = ? "/>
        	
    <authentication-manager alias="authenticationManager">
        <authentication-provider user-service-ref="jdbcUserService"/>            
    </authentication-manager>


</beans:beans>
