<?xml version="1.0" encoding="UTF-8"?>
<!DOCTYPE hibernate-configuration PUBLIC "-//Hibernate/Hibernate Configuration DTD 3.0//EN"
"http://hibernate.sourceforge.net/hibernate-configuration-3.0.dtd">
<hibernate-configuration>
	<session-factory>
		<!-- SQL dialect -->
		<property name="hibernate.dialect">org.hibernate.dialect.MySQLDialect</property>
		<!-- Database connection settings -->
		<property name="hibernate.connection.driver_class">com.mysql.jdbc.Driver</property>
		<property name="hibernate.connection.url">jdbc:mysql://localhost:3306/DiemDanhDB?useUnicode=true&amp;characterEncoding=UTF-8</property>
		<property name="hibernate.connection.username">root</property>
		<property name="hibernate.connection.password">th2151994</property>

		<!-- JDBC connection pool (use the built-in) -->
		<property name="connection.pool_size">1</property>

		<property name="show_sql">true</property>
		
		<!-- Enable Hibernate's automatic session context management -->
		<property name="hibernate.current_session_context_class">thread</property>
		
		<property name="hibernate.transaction.flush_before_completion">True</property>
		<property name="hibernate.transaction.auto_close_session">True</property>
		
		<mapping resource="entities/NguoiDung.hbm.xml" />
		<mapping resource="entities/MonHoc.hbm.xml" />
		<mapping resource="entities/SinhVienMonHoc.hbm.xml" />
	</session-factory>
</hibernate-configuration>